>uc002yel.3_915_1734_1171,AGAACAGCGGUCUGGACCACUUCCAAAACAGCAACAUAGACCAGAGCUUCUGGGAGACCUUUGGAAGUGCUGAGCCCACCAAGACCCGCAAGUCCCCGAGCAGCGACAGCUGGACGUGCGCGGACACCUCCACCGAGAGGAGGAGCUCGGACAGCUGGGAGGUGUGGGGCUCGGCCUCCACCAACAGGAACAGCAACAGCG,1
>uc001old.3_879_1764_1609,GCCGUGGGCGUCCAGGGCGCUAGGAAGCCGGGUGGGGGUGAGGGUAGCCCUUGAGCCCUGUCCCUGCGGCUGUGAGAGCAGCAGGACCCUGGGCCAGUUCCAGAGACCUGGGGGUGUGUCUGGGGGUGGGGUGUGAGUGCGUAUGAAAGUGUGUGUCUGCUGGGGCAGCUGUGCCCCUGAAUCAUGGGCACGGAGGGCCGC,1
>uc003alz.3_33_428_212,CGGCCGGCCGGCGAGCCAGUGCGCGUGCGCGGCGGCGGCCUCCGCAGCGACCGGGGAGCGGACUGACCGGCGGGAGGGCUAGCGAGCCAGCGGUGUGAGGCGCGAGGCGAGGCCGAGCCGCGAGCGACAUGGGGGACCGGGAGCAGCUGCUGCAGCGGGCGCGGCUGGCCGAGCAGGCGGAGCGCUACGACGACAUGGCCU,1
>uc002jvl.2_1053_1388_1260,UGGCACAAGCACAAGAAGCCAACCAGGAGAGAGUCCUGUAGCUCUGGGGGGAAAGAGGGCGGACAGGCCCCUCCCUCUGCCCUCUCCCUGCAGAAUGUGGCAGGCGGACCUGGAAUGUGUUGGAGGGAAGGGGGAGUACCACCUGAGUCUCCAGCUUCUCCGGAGGAGCCAGCUGUCCUGGUGGGACGAUAGCAACCACAA,1
>uc001dyx.3_29_520_317,CAGGCGGGCGGGCGCCAGAGGGGGAAAGAGGCGGGGGCGGCGGGUCAGCCGCUGGCCGGGCCGGCCGGGGAAUGUCGAUGCCUGACGCGAUGCCGCUGCCCGGGGUCGGGGAGGAGCUGAAGCAGGCCAAGGAGAUCGAGGACGCCGAGAAGUACUCCUUCAUGGCCACCGUCACCAAGGCGCCCAAGAAGCAAAUCCAGU,1
>uc002fzo.2_253_527_362,GCGACGGCGAGUGCCGGGGCCGGCGGGAUAGACGGGAAGCCCCGUACCUCCCCUAAGUCCGUCAAGUUCCUGUUUGGGGGCCUGGCCGGGAUGGGAGCUACAGUUUUUGUCCAGCCCCUGGACCUGGUGAAGAACCGGAUGCAGUUGAGCGGGGAAGGGGCCAAGACUCGAGAGUACAAAACCAGCUUCCAUGCCCUCACC,1
>uc001okj.3_115_799_229,GGGAAGGGGCCGUGCCCGGUGCCAGCCCAGGUGCUCGCGGCCUGGCUCCAUGGCCCUGGUCACAGUGAGCCGUUCGCCCCCGGGCAGCGGCGCCUCCACGCCCGUGGGGCCCUGGGACCAGGCGGUCCAGCGAAGGAGUCGACUCCAGCGAAGGCAGAGCUUUGCGGUGCUCCGUGGGGCUGUCCUGGGACUGCAGGAUGG,1
>uc010enw.4_253_1251_963,AGAUGGACGCUUUCAUGCGGCGCAAGUGCCAGCAGUGCCGGCUGCGCAAGUGCAAGGAGGCAGGGAUGAGGGAGCAGUGCGUCCUUUCUGAAGAACAGAUCCGGAAGAAGAAGAUUCGGAAACAGCAGCAGGAGUCACAGUCACAGUCGCAGUCACCUGUGGGGCCGCAGGGCAGCAGCAGCUCAGCCUCUGGGCCUGGGG,1
>uc003xik.3_3_575_136,AAGUCGGGAGAGGCCGGUAGGCGUGAGGCGGGCCUGAAGCGGCAGCGGGCGGCCUUCGUCCGGCGAGAGCUAGGCCGAGGACCCGCGCCGCGCUCCCCGGCACCUCACCGCGUCCUUCACCGACUCCCGCGGCGCGCGGCCGGGCGGGGAAGGGCGGGCGGGGGUCUCCUCCAGGCUGCGCGCUCGGAGCCGCCUGCUGGG,1
>uc003xbv.3_1154_2753_1932,GCACGGGGCGCCAAGGCAUAUUCCCUGCCAGCUACGUGCAGGUGUCUCGUGAACCCCGGCUCCGGCUCUGUGACGACGGCCCCCAGCUCCCCACGUCUCCCCGCCUGACCGCUGCCGCCCGCUCAGCCCGUCACCCCAGCUCCCCCUCAGCCCUGCGCAGCCCAGCUGACCCCAUCGACUUGGGGGGACAGACCUCCCCCC,1
>uc001lhs.2_1032_1201_1117,GCCUCUCCUCCACCCCUGCCUCCCCUCCACCUGCCCCAGUGCCCAGACCAACCAAGGCCCUGACAGCCCUGCCUUCUGCCCUCUGCCCUGCAUGGGCAGGCAUUUGUUCCCUACCUGGGUGGCCUGCUCCCCUGCCUGGGCCCUGACUUCAGCUCCCUGUAGUGAAGUCCAGGAGGGUGGGACAGGCCUGUCAGGCCUCUG,1
>uc002cly.3_868_2435_2216,GCAUGGACAUCCUGGAUGUGCUGACUCUGGCUGCCCAGGAGCUGUCUAGGCCUGGGUGCCUCGGGAGGACUCCCCAACCUGGCUCCCCAAGUCCCAACACCCCGUGCCUGCCAGAGGCAGCCGUCUCUCAGCCUGGCAGUGCCGUGGCGUCUGACUGGCGGGUGGUGGUGGAGGAGCGGAUCAGAAGCAAGACCCAGCGGC,1
>uc001vxk.2_1097_1452_1440,AGGGCAGGGUGGGGGUGGGUAGCCCUGGGGGUUCCCCUCCCUCUUGUGCACCAUUAGGACUUUGCUGCUGCUAUUGCACUUCACCAGAGGUUGGCUCUGGCCUCAGUACCCUCAGUCUCCUCUCCCCACAUUGUGUCCUGUGGGGGUGGGGUCAGCCGCUGCUCUGUACAGAACCACAGGAACUGAUGUGUAUAUAACUAU,1
>uc003yzb.2_68_299_181,GACGCAGGUGCAACUGACAUGGGUGAACCCCAGGGAUCCAUGCGGAUUCUAGUGACAGGGGGCUCUGGGCUGGUAGGCAAAGCCAUCCAGAAGGUGGUAGCAGAUGGAGCUGGACUUCCUGGAGAGGACUGGGUGUUUGUCUCCUCUAAAGACGCCGAUCUCACGGAUACAGCACAGACCCGCGCCCUGUUUGAGAAGGUC,1
>uc002bol.3_476_793_661,GCUGCCCGCUGUGCCCCGACGACUGCCCCGCGCAGAUGCAGACACGGACGCAGGCUGAGGGGCAGGGGCAGGGGCGCGGGCUGGGCCUGGUAUCCGCCGUCCGCGCCGGGGCGUCCUGGGGAUCCCCGCCUGCCUGCCCCGGAGCCCGAGCUGCACCCGAGCCGCGCGACCCGCCUGCGCUGUUCGCCGAGGCGGCGUGCC,1
>uc001gnz.3_1871_2328_2095,ACUUGAGCAAGCGAGACACAGGGGCUGCAUUGCUGGCUGAGUCCAGGGCUGAGAAGAACCGCCUCUGGGGCCCUUUGGAGGUCAGGCGCGUGGGCCGCAGCUCCAAGCAGCUGGUCGACAUCCCUGAGGGCCAGCUGGAGGCCCGAGCUGGACGGGGCCGAGGCCAGUGGCUGCAGGUGCUGGGAGGGGGCUUCUCUUACC,1
>uc001qnu.3_1161_1716_1200,CUGGCCCCAAACCCAAGCUUCAGUCCCACUCCAGGCUUCACCCCCACCCUGGGCUUCAGUCCCGUGCCCAGUUCCACCUUCACCUCCAGCUCCACCUAUACCCCCGGUGACUGUCCCAACUUUGCGGCUCCCCGCAGAGAGGUGGCACCACCCUAUCAGGGGGCUGACCCCAUCCUUGCGACAGCCCUCGCCUCCGACCCC,1
>uc003atc.3_2145_2766_2387,AAACCUGGGGUAGCCUCUAGAACAGAGGGGCUGGGGAGAGGAAGGGGCAGAGGGACCGGUCACUGUCCAGCCUGGAGGGAGGCAUUGGUGGCCAAGGACACCCUUUGUUGCCCAUGGCCAUUCACCCCCAGGCCUGGUGCUUCUCCCCACACCCCUGUAGGCCUCAAGUGACUCUUCCCCCUCCUGCUCCGGCCCCGCCCC,1
>uc002pcz.3_57_1195_559,GCCGGGCCAGCUCCAUGAAGGUCAAGGGGCACUGGGGCAGCGAUAGCUCCAAGGCCAAGCGGCGGAGGCGCUGUCUUGACCCCACCAAGGCUCCUCCUGACCCAGGGGGCCGGGAGGGCCCCCCUGCUGCUGAGGAGGGCCCCGCCUCAGCCGGUGAGGACGUGGACCUGCUCUCUGUGGCCGAGAUGGUGGCCCUGGUGG,1
>uc001ttx.3_188_437_304,GGCAGCUGCACAGUCUCCGGGAUCCCCAGGCCUGGAGGGGGGUCUGUGCGCGGCCGGCUGGCUCUGCCCCGCGUCCGGUCCCGAGCGGGCCUCCCUCGGGCCAGCCCGAUGUGACCGAGCCCAGCGGAGCCUGAGCAAGGAGCGGGUCCGUCGCGGAGCCGGAGGGCGGGAGGAACAUGACAUCGCGGAGAUGGUUUCACC,1
>uc003axt.3_672_1390_1269,AGCCCACACCGAGCCCAGCCCCAGCUGCAGGAGGACGAGUGUACCCUGUGUCUGUGCCAUACUCCAGCGCCCAGAGCACCAGCAAGACCAGCGUGACCCUCUCCCUUGUCAUGCCCUCCCAGGGCCAGAUGGUCAACGGGGCUCACAGUGCUUCCACCCUGGACGAAGCCACCCCCACCCUCACCAACCAAAGCCCGACCU,1
>uc001oew.3_2758_3536_2912,AGCCGCAUUGAUCCCUGGAGCUUUGUGUCAGCUGGGCCACGGCCUUCUCCCCUGCCAUCACCACAGCCUGCACCCCGCCGAGCACCCUGGACCUUGUUCCCGGACUCAGACCCCUUCUGGGACUCCCCACCUGCCAACCCCUUCCAGGGGGGCCCCCAGGACUGCAGGGCACAGACCAAAGACAUGGGUGCCCAGGCCCCG,1
>uc001nzq.1_0_1985_1549,AGGCAAGGGGUGGGACUGGUGGGGGUUCUGGCAGGACCUGCCUAGCAUGGGGUCAGCCCCAAGGGCUGGGGCGGAGCUGGGGUCUGGGCAGUGCCACAGCCUGCUGGCAGGGCCAGGGCAAUGCCAUCAGCCCCUGGGAACAGGCCCCACGCCCUCUCCUCCCCCUCCUAGGGGGUGUCAGAAGCUGGGAACGUGUGUCCA,1
>uc004can.4_7948_8292_8143,CAUCAGUCUCGUUUGUCUUCAGACGGCGGGGGCAGGUCCAGGGUGAGGCUGGGUGGAGGGCUGACCAAGGUCCAAAGGGCCUGCGCAGCCUCCGGGAGGGCAGCUUCUCCAGCCAGAGGCUUGUGUGAGCCAUCGUGUGCUGGGCUUGUUUUUAAGUAAGAAACAAGGAAAUCACUCCAGAUUCUGUCAUUCCAAGGAAAG,1
>uc001ndx.3_14_836_380,CAGGCGCACGGUACAGCGGGUGGAGGACGGGCACCGGCUGUGCGGGGACCUGGUCAGCUGCUUCCAGGAGCGCGCCCGCAUCGAGAAGGCUUAUGCCCAGCAGUUGGCUGACUGGGCCCGAAAGUGGAGGGGGACCGUGGAGAAGGGCCCCCAGUAUGGCACACUGGAGAAGGCCUGGCAUGCCUUUUUCACGGCGGCUGA,1
>uc001xlt.2_40_301_181,CACGCUCGCGCUCCAGCUCCCCUCCUGCGCGGUUCAUGACUGUGUCCCCUGACCGCAGCCUCUGCGAGCCCCCGCCGCAGGACCACGGCCCGCUCCCCGCCGCCGCGAGGGCCCCGAGCGAAGGAAGGAAGGGAGGCGCGCUGUGCGCCCCGCGGAGCCCGCGAACCCCGCUCGCUGCCGGCUGCCCAGCCUGGCUGGCAC,1
>uc002zvh.4_1467_2269_1749,GUUUUGGGGACUUCAGCUCCUGGUAGCAGCAGGCUGCCUGAUGACCACUAGAGGUAUGUCUGCCCCUCGUCACCCUGCUGCACACCAAUCUGUGGCCCUUCAUCAUGCUAAGAACAAGAACUGCGCCAUGGCUGGCUCCUUCUCUUCUCCAGCCCAUCCCUCUGCAGCCUGUCAUCCCUGUCUGUGACCAUUGGUCGGGCC,1
>uc002dui.3_1935_2833_2448,AGCCCGGAUUGAGGGAGAAGGGUCCGUGCUGCAGGCCAAGCUAAAAGCACAGGCCUUGGCCAUUGAAACGGAGGCUGAGCUCCAGAGGGUCCAGAAGGUCCGAGAGCUGGAACUGGUCUAUGCCCGGGCCCAGCUGGAGCUGGAGGUGAGCAAGGCUCAGCAGCUGGCUGAGGUGGAGGUGAAGAAGUUCAAGCAGAUGAC,1
>uc001ifc.2_182_989_494,CUUCUUCAGGCUGUGUCCUCUGUGCAGGUCCUGAGCCUUUGCCUCCAAAAGGUCUGCAGUAUCUGGUGCUCUUGUCUCAUGCCCACAGCCGAGAGUGCAGCCUGGUGCCCGGGCUUCGGGGGCCUGGCGGCCAAGAUGGGGGGCUUGUGUGGGAGUGCUCAGCAGGCCAUACCUUCUCCUGGGGACCCUCUUUGAGCCCUA,1
>uc003wkh.1_146_444_320,GGAGGGGCGCCGCCGCGCGGUCGGUUCCGGGCGGUUGGGAGCGCGCGAGCUAGCGAGCGAGAGGCAGCCGCGCCCGCCGCCGCCCCUGCUCUGUAUGCCGCUCUCUCCCGGCGCGGCCGCCGCCGAUCACAGCAGCAGGAGCCACCGCCGCCGCGGUUGAUGUGGUUGGGCCGGGGCUGAGGAGGCCGCCAAGAUGCCGCA,1
>uc001hms.3_267_469_396,GCAAUCCCGGCCCGGGUGGCUCGGGGUUGCCGCGCUGGGCCUGACCGCGGUGGCGCUGGGGGCUGUCGCCUGGCGCCGCGCAUGGCCCACGCGGCGCCGGCGGCUGCUGCAGCAGGUGGGCACAGUGGCGCAGCUCUGGAUCUACCCUGUGAAAUCCUGCAAGGGGGUGCCGGUGAGCGAGGCGGAGUGCACGGCCAUGGG,1
>uc001vbz.3_93_281_197,CCGAACCUCUUCAGCCGCCCGGAGCCGCUCCCGGAGCCCGGCCGUAGAGGCUGCAAUCGCAGCCGGGAGCCCGCAGCCCGCGCCCCGAGCCCGCCGCCGCCCUUCGAGGGCGCCCCAGGCCGCGCCAUGGUGAAGGUGACGUUCAACUCCGCUCUGGCCCAGAAGGAGGCCAAGAAGGACGAGCCCAAGAGCGGCGAGGAG,1
>uc001hpq.4_684_1628_1122,ACACGAGAGCUACAGUCCAUGGCCGACCAAGAAAAGAUCUCCCCAGCUGCCCUUAAGAAGACCCUCUUAGACAGAGUGAAGCUGGAAUCCCCCACAGUCUCCACACUGACCCCCUCCAGCCCAGGGAAGCUCCUCACAAGAAGCCUGGCCCUGGGAGGCAAGAAGGACUAAGGCAGCAUCUGUCCCCUCUGUGAUUCAGAG,1
>uc002dqy.4_3351_3875_3422,AUUUCCAGGAGGAGCCGAUGACAGGAUUCUAUGUAGGGUGGGCAGAAGCCACAGUCGCCGCCGCCAGGGGCUUGCUCCUGGCUCUGUCCUUUGCUUCCCUCCGUCCUCGCUCAGUUGUGAUCCAGCAGCCCCCCUCCCCACUGCCUCCCCAGCUCUCAGUGACCCCGACUGUCUCCUGACUUAGCCGAGGUAAGUUCAAUC,1
>uc002jof.1_654_1206_937,GGCCCGGCCAGGGAGGGGGUGGGGUGCAGCUGGGAGAGUGGCAGAGCCGAGAACGGAGUCACGGGAGCCGGUAAGCGGCGCUGGAACUUCGAGCAGAUCUCCUUCCCCAACAUGGCUUCAGACAGCCGCCACACCCUUCUGCGCGCCCCAGCCCCAGAGCUGCUCCCGGCCAACGUGGCUGGGCGGGAGACAGACGCUGAG,1
>uc003xbv.3_1154_2753_2606,CCCCUCGAAGCCCCCUGGACUGAUUCCCACCCACGACUCACAGGCAUUCCUCCCACAGCCCUUUCAUUUCCUCCCCACCCCACUCCCCAAAUACAGAGGUCUGCUUUGAAGCGGAGACCAUUUCCAGGCCUUAUUGAGACCAGACCCCAAGUCCCCCACCCCCAUCCUGCUCCAGCGUUUCCUCUAACAGGGACCAGCUCU,1
>uc002vqz.3_857_1719_1176,CCCUGUACCAGAGCUGUGAUCUCUCGGUGGGGGGCCCAUCUCUGCUGACCUGGGUGUGGCGGAGGGAGAGGCGAUGCUGCAAAGUGUUUUCUGUGUCCCACUGUCUUGAAGCUGGGCCUGCCAAAGCCUGGGCCCACAGCUGCACCGGCAGCCCAAGGGGAAGGACCGGUUGGGGGAGCCGGGCAUGUGAGGCCCUGGGCA,1
>uc003ots.1_195_962_264,CCUGGCGCCCCCGACCGUCGCCGCCCCUGCCCCGAGUCUGUUCCCCGCCGCCCAGAUGAUGAACAAUGGCCUCCUCCAACAGCCCUCUGCCUUGAUGUUGCUCCCCUGCCGCCCAGUUCUUACUUCUGUGGCCCUUAAUGCCAACUUUGUGUCCUGGAAGAGUCGUACCAAGUACACCAUUACACCAGUGAAGAUGAGGAA,1
>uc002pfs.3_604_1392_894,GUGGUGGCCGUGGUGGCCGGCGUGGCGCUGGGACUGGGGGUGUCGGGGGCCGGGGGUGCGCUGGCGUUGGGCCCGGAGCGCUUGAGCGCCUUCGUCUUCCCGGGCGAGCUGCUGCUGCGUCUGCUGCGGAUGAUCAUCUUGCCGCUGGUGGUGUGCAGCUUGAUCGGCGGCGCCGCCAGCCUGGACCCCGGCGCGCUCGGC,1
>uc004bns.3_1_424_327,AUUACAGGCACGAGCCACUGUGCCUGGCCUCAACUGUUGCUUCUUAUAAAGGUGUGUUCCAGAGAACAAGCCUUCAGACAUUUGCUAUAUUGACGCUGAGCUGUCAGGGGACUCAGGCUUAUGAGGAGGUAUUGUUACACAAAACAGUGUCUAGUGAAGACGACAAGAAAGAGGGGAAAGGAUCGGAAAAAGAAGCUAAAA,1
>uc031rup.1_126_1566_862,GGGUUCUUCUAUUUACUUUGUUUUCUCGAAGACAAACUUUCCUCUAUGUCUGGAAAAGCGUAGGCAUCCGGAGGCUUUGGAGGGGAGUCUGGCAGCCCGGCUGGCCCAGGCCCUGCAGCGGCAGCCUUUCCACAGGGCGCAGCGGCGGCCUUUCGAGGCCCUUUCUGGGGGGUCUGAGGGAGACCUGGUUGGGAAUUGGGG,1
>uc004cmo.2_0_964_272,AGCGCCCGGAGCGCCCAGAGGCGGCGUGCGGGGCCCGGGGACGCCGCGCCCUCCAUGCGCCGAGGCGCGCCCCGAGACAGCCGGGGGCCCGCGCCGCAGCCGCCGCCCGCGCUGAGCCCCGGCCCGGCCCGCGGCCCGCGCCCGGCGGCAGCAUGAGCCAGGCCGAGCUGUCCACCUGCUCCGCGCCGCAGACGCAGCGCA,1
>uc001nsl.1_2435_3080_2896,UGGUAGCUGAGGGGACGGGCAAGUGAGAGGGGAGGGAGGGAAGUCCUGGGAGGAUCCUGAGCUGCUGUUGCAGUCUAACCCACUAAUCAGUUCUUAGAUUCAGGGGAAGGGCAGGCACCAACAACUCAGAAUGGGGGCUUUCGGGGAGGGCGCCUAGUCCCCCCAGCUCUAAGCAGCCAGGAGGGACCUGCAUCUAAGCAU,1
>uc004dlo.1_1335_1518_1410,CGUCAUUGGUGCUGUCUACCUCUACAGCCUUCCCCGAGGUGCAGCCAAAGCCAUAGCCUCUGCCUCUGCCUCCGCCUCCGGGCCCUGCGUUCACCAGCAGCCUCCCGGGCAGCCACCACCACCGCAGCUGUCUUCCCACCGUGGAGACCUCAUCACGGAGCCCUUUCUGCCAAAGUUGCUCACCAAGGUGAAGGGUUCCUA,1
>uc002jpx.4_1128_2021_1888,CCUUUUUGAAGGGGACACAGUCUAGGAGGGGGAUAAAUGGGAUGCCCUUGCCCCAGAGAGAACCCAGUUCUAGGUACUGUCUGGGCCUGGGAGGCGAGAGCAGUGCCCAGGGGACUUCUGGGCUUACAGGACAGCGUGUGUGACAAAAUUCAGAUCUACCUGAACUUGCCUCUGGAGAUGAUAAGGGCCAAAGGAGCAGUC,1
>uc010xse.1_1712_2032_1840,AGCUGUCUCUGGAGGAAGGCGGGAAGGAUGCCCGGGGCUUGCUAUCCGGCCUGCGGCGGCGGAAGCGGCCCCUGAGCUGGCGGGCUCACGGGGACGGGCCCCAGCACCCAGAUCCUGACCCCUGUGCCCGGGCCGGCAUUCACACCUCGGGCUCCCUCAGCUCCCGCUUCUCCGAACCAUCUGUGGACCAGGGCCCCGGGG,1
>uc010rrc.2_3549_3775_3669,AGGCCCCCUGAGGACCACUACUAUACUGAUGGUGGGAUUGGGACCUGGGGGAUACAGGGGCCCCAGGAAGAAGCUGCCAGAGGGGCAGCUCAGUGCUCUGCAGAGAGGGGCCCUGGGGAGAAGCAGGAUGGGAUUGAUGGGCAGGAGGGAUCCCCGCACUGGGAGACAGGCCCAGGUAUGAAUGAGCCAGCCAUGCUUCCU,1
>uc002mnu.4_204_2970_1704,UGUGUGGCGCACGGGGUACCGCCGCCUGAUGUGAUCUGCGUGCGCUCUGGAGAACUCGGGGCCGUCAUCGAGGGGCUGUUGCGUGUGGCCCGGGAGCAUGCGGGCACUUACCGCUGCGAAGCCACCAACCCUCGGGGCUCUGCGGCCAAAAAUGUGGCCGUCACGGUGGAAUAUGGCCCCAGGUUUGAGGAGCCGAGCUGC,1
>uc004clr.1_1223_1580_1452,ACCUGAGGACGCGGGAGGACACAGUGCGGCAGAUUGUGGCUGGGCUGACGGGGGACUCGGACGGGACAGGGGACCUGGCUGUUGAGCUGUCCAAGACCGACCCGGCGAGCCUGGAGACAGGCCAGGACAGUGAGGAUGACUCAGGCGAGCCAGAGGACUGGGUCCCGGACCCUGUGGAUGCCGAUCCAGGGAAGUCGAGCU,1
>uc002ltl.1_0_2559_817,UGCAGCAGGUGCGGAAGCGGCUGGAGGAGGCGCUGAUGGCCGACAUGCUGGCGCACGUGGAGGAGCUGGCCCGUGACGGGGAGGCGCCGCUGGACAAGGCCUGCGCUGAGGACGACGACGAGGAAGACGAGGAGGAGGAGGAGGAGGAGCCCGACCCGGACCCGGAGAUGGAGCACGUCUAGGGCAGGUGCUGCGGGGCCA,1
>uc001wit.4_0-2658_2381,GGUAGACCCAAGAUGGGCUCCAGAUCAACAUCAGAGUCCAGAUCAAGGUCACGUUCACGUUCUCGUUCAGCAUCAAGCAACAGCAGAAAAUCUCUGAGCCCUGGAGUCUCCAGGGACAGCAGCACCAGCUAUACUGAAACCAAAGAUCCCUCUUCUGGUCAGGAGGUUGCAACUCCACCAGUGCCACAACUGCAGGUCUGU,0
>uc002nah.1_1213-final_4927,GUCACCGGUGACUUCGAAGACGACUUCGAUGCGCCCUUCAACCCGCACCUGAAUCUCAAAGACUUCGACGCCCUCAUCCUGGAUCUGGAGAGAGAGCUCUCCAAGCAAAUCAACGUGUGCCUCUGAGCCAGAUGACGGGGUGGGACCCCGGUUAGUAAGGACCGGGCGCCCAGUGGCUAAGGCGGUGCCCUGGUGACCAAG,0
>uc001kwy.1_0-4200_1012,CCAGACAUCCGGGGGAGAAUUCCCUUAUUGCUCACUUCUCUGAGCUUCAAGGUUCUGAAGCAUCCAGAUAAGAAGUUCCGGGUUGGCCAGGCCCUGAGGGCCACCGUUGUUGGCCCAGAUUCCUCCAAGACCCUCUUAUGUCUGUCCCUCACAGGUCCUCACAAGCUUGAGGAAGGGGAAGUGGCCAUGGGCCGAGUGGUG,0
>uc002mwm.4_3543-final_4895,CCCUCUUAACAUCUGCUUGUUGCGGGGGUCAGUCAUGAGUGCCAGGGUCUGGCUGGGGUCUUGGCACUGUCUUCCUGGCCGGGGCCUGAAACCUUAGCCCCCAGCCGGCCUGAGUGGGGGAUAUUGACACCCCCAGCUAAAGCACAAGCACCUUAGUCACCCCUCCUCUCCCCCCGCCUCCUGGCCUGCCACCCCACCCCA,0
>uc009vni.3_0-3163_9460,CUUUCAGCGACAGCUAUGGACAGCAUGGUACCAAGGAGUUAAGUUGAGGCUUUUUCCAGCUUUCUCUGGUUCAUUUGAUUGCUUGAUAAGGCCUCAGGAUCUCAGCAUUGCACAAUGCCUCAUGGAAGCCUUUGAGGGUAUCACACAGACACCCCCACCUUCCUCCAGCCUGUGCGCACCUGCCCUCCUUGCAGCCCAGCA,0
>uc010xse.1_0-1712_10415,AGGAAGCGGACUUGGCUGCCCUGCUUCCCGACCUCUCCGGCCGCCUCCUCAUCAACUCUGUCUUCCAUGUGGGCGCUGAGCGGCUCCAGCAGAUGCUCUUCUCGGACUCGCCCUUCCUCCAGGGCUUCCUACAGCAGUGCAAGUUCACAGACGUGACGCUGAGCCCCUGGAGUGGGGACAGCAAGUGCCACCAGCGCCGGG,0
>uc004fek.3_0-3446_9337,CCACCGGUGGCAGCUCCUAGUGACUGGACAUGCCUGGAAGACCCCUCAGCCUUCUGUUUGCAGAACGUUCAUUUCAGGAGCUUCUCCUUCCCACAGACAUCUUACACUUGCUCGACACUGCCACCUGCAGAAGCCUGGCGGGCUCUGGUCACCAUGUGUCUAUCUGAAGGUUGCACUGGCCAGCAUGGGCCUGUCCCAAGC,0
>uc004cfb.2_498-final_8980,CUUCGUGUAAGCAAGUACAUAAGGACCCUCCUUUGGUGAAAUCCGGGUUCGAAUGAAUAUCUCAAGGCAGGAGAUGCAUCUAUUUUAAGAUGCUUUGGAGCAGACAGCUUUAGCCGUUCCCAAUCCUUAGCAAUGCCUUAGCUGGGACGCAUAGCUAAUACUUUAGAGAGGAUGACAGAUCCAUAAAGAGAGUAAAGAUAA,0
>uc021ywf.1_1994-final_10773,AAAACAGAGUCAUCCUCUGCACAGCAAGUAGCAGUGUCACGCCUUAGCGCUUCCAGCUCCAGCUCAGAUUCCAGCUCCUCCUCUUCCUCGUCGUCGUCUUCAGACACCAGUGAUUCAGACUCAGGCUAAGGGGUCAGGCCAGAUGGGGCAGGAAGGCUCCGCAGGACCGGACCCCUAGACCACCCUGCCCCACCUGCCCCU,0
>uc001oey.2_2168-final_1428,ACCCACUGCUAGGCAGUGCCGUCUUCAUCAUGUCCUACGCUCGGCCCCUCAAGUUCUGGGAGCGCGACUACAACACUAAACGUGUGGAUCAUUCCAACACCCGCCUGGUCACACAGCUGGACAGGAACCCUGGCGCUGAUGACAACAACCUCAACUCCAUCUUCUAUGAGCACUUGACACGUUCGCUGCAGCACACACUGU,0
>uc001hss.3_0-766_775,GCCCGUACGCGUGCCCCGAGUGCCGCGAGCUGUCCCCGCAGAGGAACCUGCGGCCCAACCGCCCGCUUGCUAAGAUGGCCGAGAUGGCGCGGCGCCUGCACCCGCCGUCGCCGGUCCCGCAGGGCGUGUGCCCCGCGCACCGCGAGCCACUGGCCGCCUUCUGUGGCGACGAGCUGCGCCUCCUGUGUGCGGCCUGCGAGC,0
>uc002mxe.3_560-final_4911,UGCACAGAGACCCGGCCCUACAACCAGGGAGCCCGGCUGACGGCCUUUGAGCUGGUCUAUGAGCAGAUCCCCGCCACCCUUAUCACCGACAGCAUGGUGGCUGCUGCCAUGGCCCAUAGGGGCGUGUCAGCUGUGGUCGUGGGAGCUGACCGCGUGGUUGCCAACGGCGACACAGCCAACAAGGUGGGCACCUACCAGCUG,0
>uc003zdj.3_0-2150_8597,CUACUCCCUGGGGCCCUCAGGGCAGUUGGCAGAGACGCCGGCUGAGGUGUUCCAGGCCCUGGAGCAGCUGGGGCACCAAGCCUUUCGCCCUGGGCAGGAGCGUGCAGUCAUGCGGAUCCUGUCUGGCAUCUCCACGCUGCUGGUGCUGCCUACAGGUGCCGGCAAGUCCCUGUGCUACCAGCUCCCAGCGCUGCUCUACAG,0
>uc003yhz.3_849-final_8255,AGUAUAUUUUAAAUUAAGAAAAGUGAACUAUAUGUAUUUGUUUUAUACAUUUAAGGCUUAGACUCAUAAAUAAUGCUAUUGUUUAUGAUUUGAAAACUUUCAGGCAAAAUCCAAUUUACAUUUUUCCCUUCCCUAGCAAUUACUUUUUUCCAGCUUCAACUCUUCUUAGUUACUAAUACUUUGUUGACUUUAAAAAUGAAA,0
>uc003fuj.3_1351-final_7018,UGCUGGUGUCCAAGCCCGAAAAGGCGCAGGCCAUGGCCCUGCUGCUCUACCAGACGUCGGCCAACGCGCUGGCGGAAUUUAAACGCCUCAAGCGGCGGGACGACGCGCGUCACCAGCAGCAGGAGCUGGUGGGCGCACACACCAUCCCGCUAGUGCCGCUGCGCAAGCUGCUCCUACACGGACCCUGCUGCUAUAAACCGC,0
>uc002pbq.1_0-897_5221,AUGAUGCCCUACCCCUUUGGAUCCACGUGGUCUGCAACCUGGUGCGAGCAGCCCGGGCUACAGGGUUGCCUGAGGUGUGGGUCCCAGGAUGGAGGAGCCCCAGGCCGGCGAUGCUGCUCGGUUCUCUUGUCCCCCCAACUUUACCGCGAAGCCCCCAGCCUCAGAGUCCCCUCGUUUCUCCUUGGAGGCGCUGACGGGUCC,0
>uc003baf.3_2032-final_6486,AAAGCAGAAAAAGUCCAAUCACCUCAGACCCUCUCUGCCUGCUCACUGUGAGGCCCCGUGUAGCCCCCUCUCUGAGCUUUUGGCCUCUGACUUCCUGAGUCGGCCCCCUUCCUUGUCUUUGUCUAGGGCCAGAUAUCCUAAGAUAUCUCUCACUAACUCCUCCUGGUGCAGGGACCCGGCUGUACCACCGGACCUGGGCCU,0
>uc001oly.3_1054-final_1590,GCCUGGUGCAGGAGGUAGAACUGAACAUCGUGGCCGGUUAUGGGUCUCCCAAAGAUGUGGCUGUAUACGCGGCGCUGGGGCUGUCCCCGAGCCAGACCUACAUCGUGGGCCGUGCCGUGCGGAAGCUACAGGCGCAGUGCCAGUUCCUGUCAGACGGCUAUGUGGCCCACCUGGGCCAGCUGGAAGCGGGCUCGCACUCGC,0
>uc010xhi.2_0-783_10369,CCUCUACCUGGCCUACUUCGUGCGUGAGCGAGAUGCAGAGCAAAGCGGCAGUCCCCGGACAGGGAUGGGCUCUGACCAGGAGGACAGCAAGCCCAUCACGCUGGACACGACCGACUUCCAGGAGAGCUUUGUCACCUCCGGCGUGUUCAGCGUCACUGAGCUCAUCCAAGUGUCCCGGACACCCGUGGUGACUGGAACAGG,0
>uc001nvh.3_231-final_1327,AGGGGAGUCCGAGGUUAUGCGUCUCAAUGAUCCCGCGGAAACGCUACGGGUCUAAGAACACGGAUCAGGGUGUCUACCUGGGUCUCUCAAAGACACAGGUCCUGUCCCCUGCAACUGCUGGCAGUAGCAGCAGCGACAUCGCCCCUCUGCCCCCCCCAGUGACCCUCGUCCCUCCCCCUCCCGACACCAUGUCCUGCCGGG,0
>uc001jjp.3_1781-final_847,CAGACAGGAGUUAACUUGUAUUAGAAUUGUUUUUUCUAAAGUUAUGUUACCUGAGAAAUUAAGGACUGCACCUGGUUUAAUGUUGCUUCACUUAUCCCACCCUACAGAGACCAGCAAGGUUCUGCCAGGCCUCGAGCAUCCAAGCAUGAUUUUGCUGUGACAAAUCUAAAAUCAACCAGGCUACUUAAGUCUGCUCUGAUG,0
>uc004blf.1_0-1800_8742,CGCGGCCCAACAGCAUGGUGGUGGAACACCCCGAGUUCCUCAAGGCAGGGAAGGAGCCUGGCCUGCAGAUCUGGCGUGUGGAGAAGUUCGAUCUGGUGCCCGUGCCCACCAACCUUUAUGGAGACUUCUUCACGGGCGACGCCUACGUCAUCCUGAAGACAGUGCAGCUGAGGAACGGAAAUCUGCAGUAUGACCUCCACU,0
>uc004dhi.3_0-2103_9111,GAAGGCAGUCGCAUCAGUGCUGCCUCUGUGGCCAGCACUGCCAUUGCUGCGGCCCAGUGGGCCAUCUCACAGGCCUCCCAAGGUGGGGAGGGUACCUGGGCCACCUCCGAGGAGCCGCCGGUCGACUACAGCUACUACCAACAGGAUGAGGGCUAUGGCAACAGCCAGGGCACAGAGUCUUCCCUCUAUGCCCAUGGCUAC,0
>uc031qup.1_0-4299_10906,UUGAACGGUGUCCCCGGGAGCAUCUGGGACUUUGUUUCCGGCAGCUUCUCCCCCAGCCCCUCCCCCAUCCUGAGUGCCGGCCCCCCAUCCUCUUCGAGUGCAAGUCCAAACGGAGCUGAGCUGGCCCGGGUCAGGCGGCAGCUGGACGAGGCCAAGAGGAAGAUCCGGCAGUGGGAGGAGUCCUGGCAGCAGGUGAAGCAG,0
>uc001ont.3_0-3089_1644,CGCGCGAGGAGCCGCCGCCGCCGCGCCAUGGAGCCCGAGUGAGCGCGGCGCGGGCCCGUCCGGCCGCCGGACAACAUGGAGGCAGCGCCGCCCGGGCCGCCGUGGCCGCUGCUGCUGCUGCUGCUGCUGCUGCUGGCGCUGUGCGGCUGCCCGGCCCCCGCCGCGGCCUCGCCGCUCCUGCUAUUUGCCAACCGCCGGGAC,0
>uc003ocd.3_504-final_7615,GCGACAUUGGUAACAGCUACCAUUUAUAGAGUUUUAAUGGGAGUAGGAGCUAUGCUAAGUGUUUUUCAUGUAUUAUCGUUUUUAAUCAUUAUCCCCAACCCUAUGAGGUUGGUUAUUAUCCCCAUUUUACAGAUGAGGAAACUGAAGCUCAAAGAGGCUCAAUGACUUUCCCAAGGUGGUCGUAGUGGUGGAGUUGGAGUU,0
>uc002lrk.4_0-1760_4498,AGCCGCCCGUUCAUGAGCUCCGCCUCCUUCCUCGGCAGCCAGCCCUGCCCAGACACCAGCUAUGCCCCCGUGGCCACCGCCUCCAGCUUGCCACCAAAGACCUGCGACUUUGCUCAGGACUCCUCCUAUUUUGAGGACUUCUCCAACAUCUCCAUCUUCUCCUCGUCCGUGGACUCCCUGUCGGACAUCGUGGACACGCCC,0
>uc010hne.2_3770-final_9866,GGGCAGAGUGGCAGCCAGGCCCACAUGUCUCUCAAGUACCUGUCCCCUCGCUCUGGUGAUUAUUUCUUGCAGAAUCACCACACGAGACCAUCCCGGCAGUCAUGGUUUUGCUUUAGUUUUCCAAGUCCGUUUCAGUCCCUUCCUUGGUCUGAAGAAAUUCUGCAGUGGCGAGCAGUUUCCCACUUGCCAAAGAUCCCUUUU,0
>uc004clr.1_0-1223_9038,GUAUGGGUGCUUCUUGAGAGUCUAUAUGCAGAGUAAGAGGAAGGGGGAAGGGGGCACAGACCCGGAACUGGAAGGGGAGCUGGACAGCCGGUAUGCCCGUCGCCGGUACUACCGGCUCCUGCAGAGCCCGCUGUGUGCAGGGUGCAGCAGUGACAAGCAACAGUGCUGGUGUCGCCAGGCUCUGGAGCAGUUCCAUCAGCU,0
>uc003bfw.1_2308-final_6521,GACCAUGAGGACCAGUCACAGUGAUGUGUGAAAGGGCUCGCUGGUCACAGAAACGUGUACAAAUCAUGCUAUUUUAGAGAUCAGCCCUCAAUUUGUAAGGCAUGUGAACAGGGCACGCGGUGGGCUGGUGGUUUCAUAGCCGACACACAGCGCCUACCAUGUGCAGCUGCCUGUCCGACCCCAUCUUACAGACGAGAAAAC,0
>uc003odv.3_0-1209_7636,UCCUACCGACGAACUAGAGAGGACAACAGAGGUAGCCAUCUCUGUACUGUCAACCUGGCUGGCCUCUCACCCUGAGGAUUUUGGCUCUGAGGCCAAGGGUCAGCUUGACCGGCUUGAGAGCUUCUUACUUCAGACAGGGUAUGCAGCAGGGAAGGGUGUUGGGGGGGGCAGCGCUGACCUCAUCCGCAAUCUCCGGUCCCG,0
>uc001aly.2_2064-final_115,CCAUGCCUACCAAGCUCGAGCUGGCCCUUGACCCCCACCCACCCCCACCCUUGCUGGCAGGGGCAGGGACCCCAGGGGGAUUGACUCUGCAGUUUGGGAGCCACAAAAAGCGUAGCGGUGUGAUUUCUAGCUCAGCCUCCCACCGUCUUCCUCCUACACACCAAUGAUGAGCCUCAUGCCAGUGAGGCCCGGAGCGCUUGG,0
>uc009zmk.1_774-final_9548,CUCCAGGGCCGUGGUUGUGAAGAAGAUCGAGACACGUGAUGGGAAGCUGGUGUCUGAGUCCUCUGACGUCCUGCCCAAGUGAACAGCUGCGGCAGCCCCUCCCAGCCUACCCCUCCUGCGCUGCCCCAGAGCCUGGGAAGGAGGCCGCUAUGCAGGGUAGCACUGGGAACAGGAGACCCACCUGAGGCUCAGCCCUAGCCC,0
>uc002zsp.3_584-final_6223,CAAGGACACACGCCUCCUGUCAGACACUUCUAGGUGUUGGCUUCCUUAGAGAGCCUGGGGUUAGGUUAGCUUUCCUGCUUUUAUCUUCUGCCUUGGGGACCUGCCAAACGAAAUCCCACACCUGUACAGAACUGGGAUAGGCGCAGUGGAGCGGGUUGCUUGGGGGGCGUUGGCCGACUUCUUAGAGAAGGCCCUCCAUGU,0
>uc003sip.3_0-1680_7800,CGCCCGGCUGGGCCCAGGUUCGGGGCCGCCCCGGGGAGCCCCCGGCCGCCUCCUCCGCCGCCGGCGACGCGGGCUGGCCCAACAAGCACACGCUCCGCAUCCUGCAGGACUUCAGCUCCGACCCCUCCUCCAACCUCUCGUCCCACUCGCUGGAGAAACUGCCGCCCGCGGCCGAGCCGGCCGAGCGCGCCUUGCGGGGGC,0
>uc002lrz.2_2415-final_4528,CCCUGGCUGCCAUGGGCCAGACCGCCUCCACCUCCCCCGCCCGCCUGGCCUGUCCUGAGUGCAUUUCCCUGCACUGUGUCGUCACUGCACAGCCAGUCACCGCGGUCUCAGUCAUCGGCGCGGAUGGCUAUGCUGGGGUCCCAGGGUGGCCGCAGCAGUCAGGGUCACUGUGGGAGCCCUGGGGUGGAGUGACAAACCGCA,0
>uc002lcz.4_521-final_4432,CUACUACAAGGUCAAAUUUUCUAGUAUCUUACAGCCUGAUUGAAGGUGAUUCAGAUCUUUGCUCAAUAUAAAUGGAUUUUCCAAGAUUCUCUGGGCCAUCCUUGACCCACAGGUGAUCUCGCUGGAGUAUAUUAACUUAACUUCAGUGCCAGUUGGUUUGGUGCCAUGAGAUCCAUAAUGAAUCCAGAACUUCACCAUUGC,0
>uc003llb.4_335-final_7283,GCAUGAGGGCAACUAUAGUGAGGCCUUAUUGCCAGGAGGGAGGGUUUUGGUUGCUGGCGCUUGUGUAUAAAGGGGCAAGAGCAGCUCCUUUGGACUAUUCCUGGGAGGACUCUGAUGCAGGGCGUCUGUUGCUCCCCUGGGUCACCUCCUCCCUGCUCGCUGACAUCUGGGGCUUUGACCCUUUCUUUUUUAAUCUACUUU,0
>uc001ntl.3_1650-final_1279,GAUGCUCCUGAUUUGGAUAUUGAGGGACCAGAAGGAAAGUUGAAAGGCUCCAAAUUUAAGAUGCCCAAGUUGAAUAUAAAAGCUCCCAAGGUCUCCAUGCCAGAUGUGGACUUGAAUUUGAAGGGACCCAAACUGAAGGGAGAGAUAGAUGCUUCUGUGCCAGAACUGGAAGGUGAUCUCAGAGGGCCGCAAGUUGAUGUC,0
>uc002zel.3_606-final_6168,GGUGGGGGCUGCGUCCCUGCUCAGCCCAUCCCCUGCCUCUAUCCCUGGCCACCUGCCAGGCCUCCCUCGGGCUGGUGUCUUGAGACCAGCCUGCCAGGCCCUCCAGCAGGAGGACAGAGUGCCCUGGGGCAUCCACCUUCCUGCCCAGGGGACGUGGCGCUGUCGGUGUUUGGAGGCUGCUGCCCCCUGGCUUUGGCGCCC,0
>uc031snv.1_463-final_10943,UUAUGGGCGAGGGAGCCAGAAGCCCCAGGAUCCCAGAUUAAAAACUCCACCCCGCCCCCAGGGCCAGAGACCAGCUCCGGAGAGCAGAGGGGGAUUCCAGCCAUUUGGUGAUACCGGGGGCUUCCACUUCUCAUUUGGUGUUGGUGCUUUUCCCUUUGGCUUUUUCACCACCGUCUUCAAUGCCCAUGAGCCUUUCCGCCG,0
>uc004dhi.3_1110-final_9115,GGCAGCCUACAGCGGGGAGAGUGACAGUGAGGAGGAGCAGGAGCGUGGGGGCCCUGAGCGGGAGGAGAAGCUCACCGACUGGCAGAAGCUGGCCUGUCUGCUCUGCCGACGCCAGUUCCCCAGCAAAGAGGCGCUCAUCCGGCACCAGCAGCUCUCAGGGCUCCACAAGCAAAACCUUGAGAUUCACCGGCGAGCCCACUU,0
>uc003onx.3_0-2225_7711,CUUAUAAAAAGCCUUAAGUGGAAAGUGUUCCAGACGGAGACUCUGAGUUAAUAGAGGAGUAGAAGCUGGUGUUAAAGUUCCCACGACGCACAUGGCUUUGCCAGAAACUCUGUUUAAUGAUCGGCCUUUCACCUCUUCACUUAUCCUUAGUCCCAGUAGCCAGGAUACCUGAUGGCCACGUGUGCCUUGGCCACGGGAGGC,0
>uc001vqy.3_728-final_2344,UCCCCAAGGGCACCUAAGCAGGUGCAGCUGGAGGAUGCGGUGGCCCUUUAUAAAAAGAUCCUCAAGUACAAGAUGCUGGAUGAGCAGGAUGUGCCGGCCGCUGAGCAAAUGUGCUUUGAGACCAGCGCCAAGACCGGCUACAAUGUGGACCUCCUGUUUGAGACCCUCUUUGACCUGGUGGUGCCAAUGAUCUUACAGCAG,0
>uc002pky.4_1271-final_5309,CGGCCAGGAGAGGACACGGAGGAGGAGGAAGAUGAGGAUGUGGAUAGUGAGGAUAAGGAAGAUGAUUCAGAAGCAGCCUUGGGAGAAGCUGAGUCAGACCCACAUCCCUCCCACCCGGACCAGAGGGCCCACUUCAGGGGCUGGGGAUAUCGACCUGGAAAAGAGACAGAGGAAGAGGAAGCUGCUGAGGACUGGGGAGAA,0
>uc001nto.2_587-final_1299,ACGGUGAUGUCUCCCUCAGUAACCGGCUGGCCCUGCAUAACUCCCGUUUCCUGAGUCUCUGCUCUGAGCUGGAUGGUCGAGUCCGGCCCCUCGUGUACACCCUCCGCUGCUGGGCUCAGGGUCGGGGGCUGUCAGGGAGUGGCCCCCUUCUCAGUAACUACGCCCUGACCUUGCUGGUGAUCUAUUUUCUUCAGACCAGGG,0
>uc002vsv.2_0-2505_5737,GCGCCAUGGAGCCCCCGUAUUCGCUGACGGCGCACUACGAUGAGUUCCAAGAGGUCAAGUACGUGAGCCGCUGCGGCGCGGGGGGCGCGCGCGGGGCCUCCCUGCCCCCGGGCUUCCCGUUGGGCGCUGCGCGCAGCGCCACCGGGGCCCGGUCCGGGCUGCCGCGCUGGAACCGGCGCGAGGUGUGCCUGCUGUCGGGGC,0
>uc002rgc.4_1561-final_5451,UUGAGUUCUACCGCCUCCUGCAUGAUGCGCGGCCCAAGGAGGGAGAUGAUCGCCCCUUCUUCUGGCUCUUUGAGAAUGUGGUGGCCAUGGGCGUUAGUGACAAGAGGGACAUCUCGCGAUUUCUCGAGUCCAACCCUGUGAUGAUUGAUGCCAAAGAAGUGUCAGCUGCACACAGGGCCCGCUACUUCUGGGGUAACCUUC,0
>uc003ejq.3_1036-final_6930,AGUGGCCACCAUGGGGCCUGGCACAUCUCUCUGAGCAAGCCCAGCGAGAAGGAGCAGCACCUUCUCAUGACACUGGUGGGCGAGCAGGGGGUGGUGCCCACUCAAGAUGUCCUUUCCAUGCUGGGUGACAUCCGCAGGAGCCUGGAGGAGAUUGGCAUCCAGAACUAUUCCACAACCAGCAGCUGCCAGGCGCGGGCCAGC,0
>uc003zaf.1_2984-final_8377,GCCCCUUCCCCAUGGGAAGACGAGGCCCUCGGGCCCAGCCCCCACAGUGCUGUCUGAUCUGUGCUUUCCAGCUCACCCCCCACACUCACUCCUGAGACCCCUGGCCUCCGGCGUCAGCCUCCAGCCUCUGUUCCCCUAGUAAGUGCCUUCCAUGUCGGCCUCUAACCCCAGGCCCCGAGGACCCAGACCCAGUGGGGAGGC,0
